listindex,Filenames
0,chhota1.jpg
1,chhota2.jpg
2,ajanta1.jpg
3,ajanta2.jpg
4,chahar5.jpg
5,chahar6.jpg
6,fateh4.jpg
7,fateh5.jpg
8,gate3.jpg
9,gate9.jpg
10,humayun5.jpg
11,humayun9.jpg
12,humayun7.jpg
13,humayun8.jpg
14,indiagate6.jpg
15,indiagate7.jpg
16,basilica1.jpg
17,basilica2.jpg
18,basilica3.jpg
19,basilica4.jpg
20,basilica4.jpg
21,basilica5.jpg
22,charminar1.jpg
23,charminar2.jpg
24,charminar3.jpg
25,charminar4.jpg
26,golden1.jpg
27,golden2.jpg
28,golden3.jpg
29,golden4.jpg
30,hawamahal1.jpeg
31,hawamahal2.jpeg
32,iron3.jpg
33,iron4.jpg
34,jamali1.jpg
35,jamali2.jpg
36,lotus1.jpg
37,lotus3.jpg
38,mysore1.jpg
39,mysore2.jpg
40,qutub3.jpg
41,qutub2.jpeg
42,taj1.jpeg
43,taj3.jpg
44,victoria1.jpg
45,victoria2.jpg
46,golden5.jpeg
